column_A,column_B,column_C
Faiha,Faiha,Faiha
La Roche Posay,La Roche Posay,La Roche-Posay
Bio Essence,Bio Essence,Bio Essence
Latulipe,La Tulipe,La Tulipe
Gloglowing,Gloglowing,Glow Glowing
Luna Woo,Luna Woo,Luna Woo
Rimmel London,Rimmel London,Rimmel London
L'oreal Paris,L'oreal Paris,Loreal Paris
Neoriken,Neoriken,Neoriken
Bening's,bening's,Bening's
BENUITE,benuite,BENUITE
Dr Teal's,Dr Teal's,Dr Teals
Evershine,Evershine,Evershine
Cocoon,Cocoon,Cocoon
Lvmiell,Lvmiell,Lvmielle
Derma E,Derma Xp,Derma E
Omg Oh My Glow,Omg Oh My Glow,Omg Oh My Glow
20 Mefree,20mefree,20 Mefree
Kitschy,Kitsch,Kitschy
Let's Glow,Letsglow,Letsglow
Mileskin,Mileskin,Mileskin
My Kos,Mykos,Mykos
Lancôme,Lancome,Lancome
Glafidysa Lab,Glafidysa Lab,Glafdysa Lab
Lvmiellle,Lvmiellle,Lvmielle
White Inc,Whiteinc,White Inc
Bring Green,Bring Green,Bring Green
One Day's You,One-Day's You,One-Day's You
Teratu,Teratu,Teratu Beauty
Lauraleee,Lauralee,Lauralee
Qeep,Qeep,Qeep
Acnemed,Acnemed,Acnemed
Leaders,Leaders,Leaders
B Erl,Berl,Berl
Narc,Narc,Narc
Cintaski,Cintasking,Cintaskin
Dni Skin Centre,Dni Skin Centre,Dni Skin Centre
Kys,Kys,Kys
Dr. Pure,Dr-Pure,Dr-Pure
Lunesse,Lunesse,Lunesse
Watch Me Bare It,Watch Me Bare It,Watch Me Bare It
I'nesvia,I'nesvia,I'nesvia
Nutrishé,Nutrishé,Nutrishe
Innertrue,Innertrue,Innertrue
Solfog,Solfog,Solfog
Elegance Supreme,Elegance Supreme,Elegance Supreme
Eiyo Skin,Eiyo Skin,Eiyo
Insta Glow,Instaglow,Instaglow
Dr. Rochelle,Dr. Rochelle,Dr.Rochelle
Guanjing,Guanjing,Guan Jing
Tull Jye,Tull Jye,Tull Jye
Aulia Beauty,Aulia Beauty,Aulia Beauty
Nyyo,Nyyo,Nyyo Cosmetics
Ensee Beauty,Ensee Beauty,Ensee Beauty
Elieiv,Eliev,Elieiv
Nutropics,Nutropics,Nutropics
Youbuy,Youbuy,Youbuy
Estée Lauder,Estée Lauder,Estee Lauder
Topping Balm Plus,Topping Balm Plus,Topping Balm Plus
Swisse,Swisse,Swisse
Lavana,Lavana,Lavana
Elcy,Elcy Beauty,Elcy Beauty
Er1 By Dr. Erna,Er-1,Er-1
Dr Pure,Dr-Pure,Dr-Pure
Soy Clear!,Soy Clear,Soy Clear!
Biobeautylab,Biobeautylab,Biobeautylab
One By Kose,One By Kose,One By Kose
Humphrey Life,Humphrey Life,Humphrey Life
L2skin,Avoskin,L2skin
Jillskin,Jillskin,Jillskin
Adowa,Adowa,Adowa
Louisse's,Louisse,Louisses
Lavina,Daviena,Lavina
Labela,Daviena,Labela
Glowbe,Glowby,Glowbe
Golden,Goldzan,Golden
Tata Glow,Labitaglow,Tata Glow
Lanore,Labore,Lanore
Lamooi Beautycare,Lmbeautycare,Lamooi
Azrina,Marina,Azrina
Elany,Melanox,Elany
Primoderma,Primaderma,Primoderma
Hk Beautycare,Lmbeautycare,Hk
Navina,Daviena,Navina
K-Beaucaline,K-Beaucareline,Kbeaucaline
Konayu,Kianayu,Konayu
Ayacosmetik,Maia Cosmetik,Ayacosmetik
Naturego,Naturgo,Naturgo
Ql Beauty,Ql Cosmetic,Ql Cosmetic
Skinmed,Skinmee,Skinmed
The Putet,The Puteh,Putet
Essano,Asano,Essano
Beauty Rose,Beauty Rossa,Beauty Rose
Skinbae,Skinmee,Skinbae
Grace N Glow,Grace And Glow,Grace N Glow
Hanikyu,Haniku,Hanikyu
Pearl Beaute,Perle Beaute,Pearlbeaute
Men's Xperience,Men's Experience,Men's Xperience
Tuessskin,Tuesskin,Tuesskin
Beleskin,Bellezkin,Belleskin